CREATE DATABASE  IF NOT EXISTS `cbcic` /*!40100 DEFAULT CHARACTER SET utf8 */;
USE `cbcic`;
-- MySQL dump 10.13  Distrib 5.6.24, for osx10.8 (x86_64)
--
-- Host: 127.0.0.1    Database: cbcic
-- ------------------------------------------------------
-- Server version	5.5.45

/*!40101 SET @OLD_CHARACTER_SET_CLIENT=@@CHARACTER_SET_CLIENT */;
/*!40101 SET @OLD_CHARACTER_SET_RESULTS=@@CHARACTER_SET_RESULTS */;
/*!40101 SET @OLD_COLLATION_CONNECTION=@@COLLATION_CONNECTION */;
/*!40101 SET NAMES utf8 */;
/*!40103 SET @OLD_TIME_ZONE=@@TIME_ZONE */;
/*!40103 SET TIME_ZONE='+00:00' */;
/*!40014 SET @OLD_UNIQUE_CHECKS=@@UNIQUE_CHECKS, UNIQUE_CHECKS=0 */;
/*!40014 SET @OLD_FOREIGN_KEY_CHECKS=@@FOREIGN_KEY_CHECKS, FOREIGN_KEY_CHECKS=0 */;
/*!40101 SET @OLD_SQL_MODE=@@SQL_MODE, SQL_MODE='NO_AUTO_VALUE_ON_ZERO' */;
/*!40111 SET @OLD_SQL_NOTES=@@SQL_NOTES, SQL_NOTES=0 */;

--
-- Table structure for table `equips`
--

DROP TABLE IF EXISTS `equips`;
/*!40101 SET @saved_cs_client     = @@character_set_client */;
/*!40101 SET character_set_client = utf8 */;
CREATE TABLE `equips` (
  `idEquip` int(11) NOT NULL AUTO_INCREMENT,
  `nomEquip` varchar(25) DEFAULT NULL,
  `categoria` varchar(45) DEFAULT NULL,
  `masculi` binary(1) NOT NULL DEFAULT '0',
  `diaJoc` varchar(15) DEFAULT NULL,
  `horaJoc` varchar(10) DEFAULT NULL,
  `fotourl` varchar(200) DEFAULT NULL,
  `calendariUrl` varchar(200) DEFAULT NULL,
  `classificacioUrl` varchar(200) DEFAULT NULL,
  PRIMARY KEY (`idEquip`)
) ENGINE=InnoDB AUTO_INCREMENT=9 DEFAULT CHARSET=utf8 COMMENT='Taula d''equips';
/*!40101 SET character_set_client = @saved_cs_client */;

--
-- Dumping data for table `equips`
--

LOCK TABLES `equips` WRITE;
/*!40000 ALTER TABLE `equips` DISABLE KEYS */;
INSERT INTO `equips` VALUES (1,'Sènior A','Tercera','1','dissabte','17.45','resources/img/equips/seniorAmasc/seniora.png','http://basquetcatala.cat/competicions/calendaris/04310105-1','http://www.basquetcatala.cat/competicions/resultats/04310105-1'),(2,'Sènior B','CC SOTS-25','1','dissabte','19.30','resources/img/equips/seniorBmasc/seniorb.png','http://www.basquetcatala.cat/competicions/calendaris/04820102-2','http://www.basquetcatala.cat/competicions/resultats/04820102-2'),(3,'Sènior C','CC SOTS-25','1','diumenge','16.00','resources/img/equips/seniorCmasc/seniorc.png','http://www.basquetcatala.cat/competicions/calendaris/04820106-2','http://www.basquetcatala.cat/competicions/resultats/04820106-2'),(4,'Júnior','Júnior B','1','dissabte','16.00','resources/img/equips/juniormasc/junior.png','http://www.basquetcatala.cat/competicions/calendaris/09520104-2','http://www.basquetcatala.cat/competicions/resultats/09520104-2'),(5,'Sènior A','Tercrera','0','dissabte','17.45','resources/img/equips/seniorAfem/seniorafem.png','http://www.basquetcatala.cat/competicions/calendaris/07920106-2','http://www.basquetcatala.cat/competicions/resultats/07920106-2'),(6,'Sènior B','Sots 25','0','dissabte','19.30','resources/img/equips/seniorBfem/seniorbfem.png','http://www.basquetcatala.cat/competicions/calendaris/23020101-2','http://www.basquetcatala.cat/competicions/resultats/23020101-2'),(7,'Sots 21','Sots 21 A','0','dissabte','16.00','resources/img/equips/sub21fem/sub21fem.png','http://www.basquetcatala.cat/competicions/calendaris/23320102-2','http://www.basquetcatala.cat/competicions/resultats/23320102-2'),(8,'Veterans','Veterans','1','','','resources/img/equips/veterans/veterans.png','http://www.basquetcatala.cat','http://www.basquetcatala.cat');
/*!40000 ALTER TABLE `equips` ENABLE KEYS */;
UNLOCK TABLES;

--
-- Table structure for table `jugadors`
--

DROP TABLE IF EXISTS `jugadors`;
/*!40101 SET @saved_cs_client     = @@character_set_client */;
/*!40101 SET character_set_client = utf8 */;
CREATE TABLE `jugadors` (
  `idjugador` int(11) NOT NULL AUTO_INCREMENT,
  `nom` varchar(45) DEFAULT NULL,
  `cognom1` varchar(45) DEFAULT NULL,
  `cognom2` varchar(45) DEFAULT NULL,
  `dni` varchar(45) DEFAULT NULL,
  `idequip` int(11) DEFAULT NULL,
  `telefon` varchar(45) DEFAULT NULL,
  `numero` int(11) DEFAULT NULL,
  `fotourl` varchar(100) DEFAULT '/resources/img/general/player_default.png',
  `altura` int(11) DEFAULT NULL,
  `dataNaixement` varchar(45) DEFAULT NULL,
  `anysClub` int(11) DEFAULT '1',
  `email` varchar(45) DEFAULT NULL,
  PRIMARY KEY (`idjugador`),
  KEY `equipskey_idx` (`idequip`),
  CONSTRAINT `equipskey` FOREIGN KEY (`idequip`) REFERENCES `equips` (`idEquip`) ON DELETE NO ACTION ON UPDATE NO ACTION
) ENGINE=InnoDB AUTO_INCREMENT=92 DEFAULT CHARSET=utf8 COMMENT='Taula de jugadors';
/*!40101 SET character_set_client = @saved_cs_client */;

--
-- Dumping data for table `jugadors`
--

LOCK TABLES `jugadors` WRITE;
/*!40000 ALTER TABLE `jugadors` DISABLE KEYS */;
INSERT INTO `jugadors` VALUES (1,'Rubèn','Arana','Morera','47879246P',1,'699611786',15,'resources/img/general/player_default.png',182,'02/02/1987',12,'ruarmo@hotmail.com'),(2,'Carlos','Casanova','Sotoca','47873177B',1,'620331777',20,'resources/img/general/player_default.png',182,'14/06/1990',4,'carlos_7_bcn@hotmail.com'),(3,'Carles','Cols','Alacid','47911479H',1,'699117127',9,'resources/img/general/player_default.png',168,'18/11/1987',10,'carlescols@hotmail.com'),(4,'Alfonso','Fernández','Cabaleiro','46365608T',1,'665945848',11,'resources/img/general/player_default.png',187,'26/02/1987',10,'afcpe11@gmail.com'),(5,'Toni','Ibañez','López','46963252N',1,'',8,'resources/img/general/player_default.png',183,'30/06/1979',8,'toni@ginox.com'),(6,'Ferran','Martín','Cerdà','36527790H',1,'619425439',10,'resources/img/general/player_default.png',177,'14/10/1987',12,'ferran510@hotmail.com'),(7,'Álvaro','Nieto','Cerdán','47949495S',1,'617701423',13,'resources/img/general/player_default.png',189,'23/08/1991',8,'nieto_13_23@hotmail.com'),(8,'Víctor','Ortuño','Pascual','47873106D',1,'627924793',5,'resources/img/general/player_default.png',184,'20/09/1987',12,'vopc05@hotmail.com'),(9,'Pau','Ramón','Jiménez','47910987Y',1,'687062149',22,'resources/img/general/player_default.png',184,'28/08/1990',4,'pauramon_1146@hotmail.com'),(10,'Fernando','Vázquez','Sola','53078228R',1,'608687241',6,'resources/img/general/player_default.png',176,'19/09/1987',12,'nand1269@msn.com'),(11,'Marc','de los Mozos','Sirvent','47951773Q',1,'618576611',7,'resources/img/general/player_default.png',172,'23/06/1990',6,'mrks_7@hotmail.com'),(12,'Sergi','Reig','Díaz','46405626K',1,'650704738',4,'resources/img/general/player_default.png',186,'14/06/1990',6,'chechi_555@hotmail.com'),(13,'Pedro','Gómez','Simón','48034989H',2,'615359001',13,'resources/img/general/player_default.png',188,'04/02/1993',3,'p-13-g@hotmail.com'),(14,'Borja','Padilla','Mestre','38171837W',2,'630451003',23,'resources/img/general/player_default.png',191,'19/07/1990',1,'borjapadilla11@hotmail.com'),(15,'Marc','Huguet','','',2,'',5,'resources/img/general/player_default.png',178,'',1,''),(16,'Javier','Sanz','Ramon','47942214W',2,'',16,'resources/img/general/player_default.png',184,'15/08/1990',1,'xavisramon@gmail.com'),(17,'Victor','Ursueguia','Castañé','40999565H',2,'660338783',7,'resources/img/general/player_default.png',186,'24/06/1988',1,'voktor_garnett_21@hotmail.com'),(18,'Pol','Alfageme','Andrés','39426138K',2,'695052759',4,'resources/img/general/player_default.png',175,'19/11/1992',6,'alpha_mas9_17@hotmail.com'),(19,'Roger','Andrés','Fontanet','43566439T',2,'648251766',8,'resources/img/general/player_default.png',181,'23/01/1992',7,'rogerandres10@gmail.com'),(20,'Nicolás','Asensio','Blasco','47914382T',2,'656351687',9,'resources/img/general/player_default.png',193,'24/08/1990',1,'rialrit_16@hotmail.com'),(21,'Alberto','Esteban','Conde','47882210M',2,'658835474',11,'resources/img/general/player_default.png',193,'18/02/1985',5,'alberescon@hotmail.com'),(22,'Sergi','Fidalgo','Clausell','47916911E',2,'615927104',19,'resources/img/general/player_default.png',182,'03/05/1991',7,'asema98@hotmail.com'),(23,'Sergio','García','Quiroga','48235376Y',2,'645325103',22,'resources/img/general/player_default.png',180,'13/05/1994',1,'sgq7@hotmail.com'),(24,'Adrià','Serrano','Clerencia','41011377P',2,'646234813',15,'resources/img/general/player_default.png',193,'05/01/1982',1,'serrano_06@hotmail.com'),(25,'Manuel','Esteban','Pedrosa','41511083Q',3,'628212286',23,'resources/img/general/player_default.png',178,'05/12/1992',1,'manolo_7esteban@hotmail.com'),(26,'Francesc','Patricio','Mulero','41009920T',3,'651129689',21,'resources/img/general/player_default.png',181,'03/11/1993',1,'cescpatriciomulero@hotmail.com'),(27,'Eduard','Ribas','Fernández','47969843P',3,'',8,'resources/img/general/player_default.png',182,'21/07/1992',1,'eribas_92@hotmail.com'),(28,'Fernando','Sabanés','del Barco','48104207Y',3,'628323455',7,'resources/img/general/player_default.png',178,'29/09/1993',1,'fernandosabanes@gmail.com'),(29,'Pau','Ribalta','Macarró','4636225K',3,'626854599',11,'resources/img/general/player_default.png',177,'19/08/1993',1,'pauvilalta16@hotmail.com'),(30,'Ángel Luís','Corral','Olivares','Y0536411L',4,'653241006',15,'resources/img/general/player_default.png',0,'07/01/1998',2,'co-livares@hotmail.com'),(31,'David','Jiménez','Villen','48036697R',4,'637442063',20,'resources/img/general/player_default.png',0,'09/01/1998',2,'jmjimenez@asas.es'),(32,'Albert','Lesauvage','Jiménez','46420086Z',4,'636503484',20,'resources/img/general/player_default.png',0,'04/05/1997',2,'mjimenezcas@gencat.cat'),(33,'Pablo','Lizcano','Sánchez','23878471D',4,'',9,'resources/img/general/player_default.png',0,'25/07/1998',10,'menchiijesus@yahoo.es'),(34,'Guillem','Méndez','Jiménez','21776386D',4,'649273393',11,'resources/img/general/player_default.png',0,'04/02/1998',5,'periquitoespano@hotmail.com'),(35,'Joan','Palacios','Roca','23876355D',4,'689378591',8,'resources/img/general/player_default.png',0,'31/03/1998',2,'mroca@bufetepm.com'),(36,'Adrià','Pascual','López','41014695Z',4,'695201282',10,'resources/img/general/player_default.png',0,'06/03/1998',5,'pasky59@gmail.com'),(37,'Ignasi','Rey','Cañado','47917705B',4,'600694192',13,'resources/img/general/player_default.png',0,'18/08/1998',2,'ignasi_rei98@hotmail.com'),(38,'Aleix','Santcliment','Tarruella','21787403D',4,'666637394',5,'resources/img/general/player_default.png',0,'09/01/1998',5,'cirexiela@hotmail.com'),(39,'Agustí','Trullen','Mulet','47590406W',4,'622340495',22,'resources/img/general/player_default.png',0,'17/11/1998',2,'dtrullen@gmail.com'),(40,'Roger','Vidal','Ruiz','24414254F',4,'932459690',6,'resources/img/general/player_default.png',0,'25/08/1997',1,'blruiz@telefonica.net'),(41,'Maria','Garcia','Clarós','23890833C',7,'687688747',4,'resources/img/general/player_default.png',167,'25/08/1997',1,'iclaros@lavanguardia.es'),(42,'Carola','López','Abad','47994896Z',7,'670623327',10,'resources/img/general/player_default.png',157,'08/01/1996',1,'xlopez@uteacerf.org'),(43,'Ariadna','Olsina','Ribas','41009100P',7,'699274981',9,'resources/img/general/player_default.png',160,'26/04/1996',1,'maribas@cbl-logistica.com'),(44,'Maria','Trunyó','Torcal','24412956C',7,'605309302',2,'resources/img/general/player_default.png',165,'18/12/1996',1,'mariatrunyo@gmail.com'),(45,'Judit','Agudo','Escudé','39436397E',7,'607903210',17,'resources/img/general/player_default.png',170,'05/04/1996',1,'teresa.escude@hotmail.com'),(46,'Elena','Balaña','Pérez','23868980V',7,'659487827',7,'resources/img/general/player_default.png',167,'16/12/1996',1,'lourdesbontol@gmail.com'),(47,'Mireia','Banchs','Gual','46422831E',7,'629188416',11,'resources/img/general/player_default.png',170,'17/10/1996',1,'cgual.fcv@bcn.cat'),(48,'Mar','Batlle','Blanch','21777187M',7,'607225159',6,'resources/img/general/player_default.png',166,'29/09/1996',1,'emili.batlle@estar-cooperation.com'),(49,'Silvia','Casals','Roige','47943866K',7,'683658742',21,'resources/img/general/player_default.png',163,'15/02/1996',1,'silvia.casals.roige@hotmail.com'),(50,'Elia','Danon','Hidalgo','47998986X',7,'648036760',13,'resources/img/general/player_default.png',165,'09/03/1996',1,'dyhelia@hotmail.com'),(51,'Claudia','Fontana','Rectoret','47995454C',7,'647152660',15,'resources/img/general/player_default.png',172,'12/05/1996',1,'claudiafontana@gmail.com'),(52,'Adriana','Fernández','Sans','43451354F',5,'687266273',10,'resources/img/general/player_default.png',0,'30/10/1990',2,'adrifer_5@hotmail.com'),(53,'Marta','Fernández','Turu','47964088A',5,'932154280',9,'resources/img/general/player_default.png',0,'07/08/1993',3,'martafernandez14@gmail.com'),(54,'Judit','Ferrando','Cituad','47867376Y',5,'646772226',2,'resources/img/general/player_default.png',0,'03/04/1990',4,'judyferrando@gmail.com'),(55,'Laia','Mestre','Montserrat','47885861E',5,'660727558',17,'resources/img/general/player_default.png',0,'19/09/1987',2,'laions_7_5@hotmail.com'),(56,'Gloria','Néjar','Franco','46350515H',5,'636404637',7,'resources/img/general/player_default.png',0,'05/09/1982',7,'gloryn82@hotmail.com'),(57,'Maitane','Rodríguez','Maiztegui','46404767J',5,'669576009',11,'resources/img/general/player_default.png',0,'21/01/1985',4,'maitane_rm@hotmail.com'),(58,'Miryam','Rodríguez','Porta','46129205Z',5,'678420017',6,'resources/img/general/player_default.png',0,'20/11/1980',4,'may-nashira@hotmail.com'),(59,'Alba','Serrano','Padrós','47909474Z',5,'637016291',12,'resources/img/general/player_default.png',0,'22/06/1988',4,'a.serrano.padros@gmail.com'),(60,'Begoña','Hervàs','Fernández','47945905J',5,'667593858',6,'resources/img/general/player_default.png',0,'29/07/1994',1,'hervas.bego@hotmail.com'),(61,'Laia','Elvira','Setó','47964925N',5,'664379365',15,'resources/img/general/player_default.png',0,'04/07/1993',1,'laiaelvira93@hotmail.com'),(62,'Andrea','Colinas','Fernández','47320767S',6,'645258674',2,'resources/img/general/player_default.png',0,'01/12/1993',6,'andrea_colinas@hotmail.com'),(63,'Patricia','Colorado','Casals','47889005S',6,'606314968',17,'resources/img/general/player_default.png',0,'23/06/1994',2,'patriusca_9@msn.com'),(64,'Marta','Fernández','Sans','47867153J',6,'600726409',7,'resources/img/general/player_default.png',0,'08/02/1995',1,'martafersans@hotmail.com'),(65,'Gloria','Granell','Vendrell','47943178T',6,'610886561',11,'resources/img/general/player_default.png',0,'17/08/1993',6,'gloriagv@gmail.com'),(66,'Anna','Herrera','Cubells','48107790R',6,'639231328',6,'resources/img/general/player_default.png',0,'15/11/1993',6,'annahc93@hotmail.com'),(67,'Berta','Izquierdo','Balaciart','47999234M',6,'630313000',12,'resources/img/general/player_default.png',0,'13/04/1994',2,'mbalaciart@telefonica.net'),(68,'Núria','Lombarte','Borrell','21777667W',6,'695435914',6,'resources/img/general/player_default.png',0,'06/10/1994',6,'lomboidethebest@hotmail.com'),(69,'Marta','Mínguez','Abril','53637455Y',6,'626570827',15,'resources/img/general/player_default.png',0,'24/09/1993',6,'martaa37@hotmail.com'),(70,'Marina','Pinyol','Sánchez','48062285J',6,'606551712',10,'resources/img/general/player_default.png',0,'21/10/1993',2,'maria_pinyol@hotmail.com'),(71,'Maria','Puig','Bosom','47962496K',6,'639302930',9,'resources/img/general/player_default.png',0,'28/10/1993',2,'mapu6@hotmail.com'),(72,'Berta','Valle','Bernado','53315931E',6,'697652567',2,'resources/img/general/player_default.png',0,'02/03/1993',1,'bertavallebernado@gmail.com'),(73,'Erika','Vilanova','Pérez','47969305E',6,'600291854',17,'resources/img/general/player_default.png',0,'14/05/1993',6,'chillasinparar@hotmail.com'),(74,'Alvaro','Zaragoza','Felipe','21786351S',3,'675098654',6,'resources/img/general/player_default.png',170,'07/11/1995',1,'alvarozaragoza3@gmail.com'),(75,'Maria','Mariné','Santana','39942887Y',7,'977815435',24,'resources/img/general/player_default.png',170,'24/10/1996',1,'maria_ms96@hotmail.com'),(76,'Alvaro','Yubero','Ruiz','48092936M',3,'618572357',4,'resources/img/general/player_default.png',180,'05/06/1993',1,'ayubero@telefonica.net'),(77,'Joan','Oliveras','','',8,'',0,'resources/img/equips/veterans/JoanOliveras.png',0,'',0,''),(78,'Miguel Ángel','Peinador','','',8,'',0,'resources/img/equips/veterans/MiguelAngelPeinador.png',0,'',0,''),(79,'Francisco','Garcia','','',8,'',0,'resources/img/equips/veterans/Franciscogarcia.png',0,'',0,''),(80,'Manolo','Murciano','','',8,'',0,'resources/img/equips/veterans/ManoloMurciano.png',0,'',0,''),(81,'Jose María','Zamora','','',8,'',0,'resources/img/equips/veterans/JoseMariaZamora.png',0,'',0,''),(82,'Àngel','Font','','',8,'',0,'resources/img/equips/veterans/AngelFont.png',0,'',0,''),(83,'Josep Maria','Sans','','',8,'',0,'resources/img/equips/veterans/JosepMariaSans',0,'',0,''),(84,'Juanjo','Porres','','',8,'',0,'resources/img/equips/veterans/JuanjoPorres.png',0,'',0,''),(85,'Manel','Martínez','','',8,'',0,'resources/img/general/logoCic.jpg/',0,'',0,''),(86,'Juan','Mañas','','',8,'',0,'resources/img/general/logoCic.jpg/',0,'',0,''),(87,'David','Biosca','','',8,'',0,'resources/img/general/logoCic.jpg/',0,'',0,''),(88,'John','Kregel','','',8,'',0,'resources/img/general/logoCic.jpg/',0,'',0,''),(89,'Pedro','Santamaria','','',8,'',0,'resources/img/general/logoCic.jpg/',0,'',0,''),(90,'Toni','Cervantes','','',8,'',0,'resources/img/general/logoCic.jpg/',0,'',0,''),(91,'Juan Luís','Ferrer','','',8,'',0,'resources/img/equips/veterans/JuanLuisFerrer.png',0,'',0,'');
/*!40000 ALTER TABLE `jugadors` ENABLE KEYS */;
UNLOCK TABLES;

--
-- Table structure for table `noticies`
--

DROP TABLE IF EXISTS `noticies`;
/*!40101 SET @saved_cs_client     = @@character_set_client */;
/*!40101 SET character_set_client = utf8 */;
CREATE TABLE `noticies` (
  `idNoticia` int(11) NOT NULL AUTO_INCREMENT,
  `titol` varchar(200) DEFAULT NULL,
  `resum` varchar(500) DEFAULT NULL,
  `contingut` varchar(5000) DEFAULT NULL,
  `fotoUrl` varchar(200) DEFAULT NULL,
  `dataCreacio` datetime DEFAULT NULL,
  `isCronica` binary(1) NOT NULL DEFAULT '0',
  `isPortada` binary(1) NOT NULL DEFAULT '0',
  `keywords` varchar(500) DEFAULT NULL,
  `owner` varchar(45) NOT NULL DEFAULT 'ruben',
  PRIMARY KEY (`idNoticia`),
  KEY `userskey_idx` (`owner`),
  CONSTRAINT `userskey` FOREIGN KEY (`owner`) REFERENCES `users` (`user`) ON DELETE NO ACTION ON UPDATE NO ACTION
) ENGINE=InnoDB AUTO_INCREMENT=31 DEFAULT CHARSET=utf8 COMMENT='Noticies';
/*!40101 SET character_set_client = @saved_cs_client */;

--
-- Dumping data for table `noticies`
--

LOCK TABLES `noticies` WRITE;
/*!40000 ALTER TABLE `noticies` DISABLE KEYS */;
INSERT INTO `noticies` VALUES (10,'WWW.CBCIC.CAT en marxa!','Després de molt temps sense tenir la pàgina web del club disponible, tornem a estar online','<p>La nostre web, www.cbcic.cat, torna a estar disponible despr&eacute;s d&#39;un llarg per&iacute;ode d&#39;inactivitat. Despr&eacute;s de molts esfor&ccedil;os, a pocs dies del nostre vint&egrave; aniversari&nbsp;torna a ser accessible el nostre site.</p>\n\n<p>Aquest ser&agrave; un lloc on trobar totes les novetats que es vagin produint en el club (i en aquest any d&#39;aniversari en seran moltes!). A m&eacute;s, hi trobarem tot tipus d&#39;informaci&oacute; sobre el club, des de la seva hist&ograve;ria fins a les plantilles dels diferents equips que actualment tenim al club. Tamb&eacute;&nbsp;podrem&nbsp;seguir el d&iacute;a a d&iacute;a dels equips a trav&eacute;s de petites pr&egrave;vies i cr&ograve;niques dels partits que es vagin disputan, a m&eacute;s d&#39;unes quantes sorpreses que anirem descobrint.</p>\n\n<p>Cal dir que aquest &eacute;s un projecte obert, aix&iacute; que si vols participar com a col&middot;laborador fent articles, cr&ograve;niques o qualsevol altre tipus de contigut, ser&agrave;s molt ben rebut. Aix&iacute; mateix, ens agradaria rebre feedback sobre la web, juntament amb propostes i idees per a millorar-la.&nbsp;</p>\n\n<p>D&#39;altre banda, aprofitem per recordar la nostre pres&egrave;ncia en les xarxes socials, concretament a twitter amb el nom @ClubBasquetCIC. Segueix-nos per estar informat minut a minut de tot el que succeix relacionat amb el club.</p> ','resources/img/noticies/cbciconline.png','2015-02-13 17:22:28','0','1','CBCIC Web','ruben'),(11,'Samarretes d\'escalfament','Els veterans van ser els primers en rebre les samarretes d\'escalfament del XXè aniversari','<p>Divendres passat ja es van comen&ccedil;ar a repartir les samarretes d&#39;escalfament de l&#39;any del XX&egrave; aniversari.&nbsp;</p>\n\n<p>Els primers en disposar-ne van ser els veterans que van fer la foto d&#39;equip amb aquestes noves samarretes. Durant el cap de setmana passat ja es van repartir als equips que jugaven com a local, mentre que la resta d&#39;equips ja la tindran pels partits d&#39;aquest proper cap de setmana.</p>\n\n<p>Cal agrair l&#39;esfor&ccedil; de Mixflow que ha patrocinat de manera &iacute;ntegra aquestes samarretes per tal que tots els jugadors del club puguin disposar-ne.</p>','resources/img/noticies/samarreta_veterans.png','2015-02-06 18:18:03','0','0','CBCIC Mixflow','ruben'),(12,'Prèvia jornada 08/02/2015','Horaris dels partits del cap de setmana del 08/02/2015','<p>Els horaris d&#39;aquest proper cap de setmana del 08/02/2015&nbsp;s&oacute;n els seg&uuml;ents:</p>\n\n<ul>\n	<li>S&egrave;nior A Mascul&iacute; - Aula (Diumenge 12.30h)</li>\n	<li>UB MIR A - S&egrave;nior B Mascul&iacute; (Dissabte 19.45h)&nbsp;</li>\n	<li>IPSI B -&nbsp;Senior C Mascul&iacute; (Diumenge 12.00h)</li>\n	<li>UB MIR B - J&uacute;nior Mascul&iacute; (Dissabte 9.00h)</li>\n	<li>S&egrave;nior A Femen&iacute; - Roser C (Dissabte 17.45h)</li>\n	<li>S&egrave;nior B Femen&iacute; - CB Tr&egrave;vol (Dissabte 19.30h)</li>\n	<li>Sots 21 Femen&iacute; - AE Badalon&egrave;s (Dissabte 16.00h)</li>\n</ul>\n\n<p>Molta sort a tots!</p>','resources/img/noticies/logobasquetcatala.jpg','2015-02-06 18:17:29','0','0','Basquetcatalà Jornada','ruben'),(13,'Prèvia jornada 15/02/2015','Horaris dels partits del cap de setmana del 15/02/2015','<p>Els horaris d&#39;aquest proper cap de setmana del 15/02/2015&nbsp;s&oacute;n els seg&uuml;ents:</p>\n\n<ul>\n	<li>S&egrave;nior A Mascul&iacute; - Sant Medir(Dissabte 18.15h)</li>\n	<li>S&egrave;nior B Mascul&iacute; - AULA B (Dissabte 20.00h)&nbsp;</li>\n	<li>Senior C Mascul&iacute; - Sant Medir(Diumenge 16.00h)</li>\n	<li>J&uacute;nior Mascul&iacute; - ADE Fuster&nbsp;(Dissabte 16.30h)</li>\n	<li>Escolapis Sarri&agrave; - S&egrave;nior A Femen&iacute; &nbsp;(Dissabte 19.00h)</li>\n	<li>CB Llinars - S&egrave;nior B Femen&iacute;&nbsp;(Diumenge&nbsp;16.30h)</li>\n	<li>Salle Bonanova -&nbsp;Sots 21 Femen&iacute; (Diumenge17.45h)</li>\n</ul>\n\n\n<p>Sort a tots els equips en els seus partits respectius!</p>','resources/img/noticies/logobasquetcatala.jpg','2015-02-13 23:06:42','0','0','Basquetcatalà Jornada','ruben'),(14,'Salle Bonanova 43 - CB CIC 60 ','Nova victòria de les sots21 al camp de la Salle Bonanova','<p>Vict&ograve;ria de les sots 21 a la sempre dif&iacute;cil pista de la Salle Bonanova per 43 a 60, que encadenen&nbsp;el tercer partit guanyat de forma consecutiva.</p>\r \r <p>Despr&eacute;s d&#39;un escalfament mancat per nom&eacute;s disposar de pilotes durant 3 minuts, el partit va comen&ccedil;ar amb un 2-8 inicial&nbsp;que feia&nbsp;pensar que podria ser un partit c&ograve;mode. Tot i aix&iacute;, les locals van reaccionar en uns minuts plens d&#39;errors on la pilota no volia entrar a cistella i la precisi&oacute; en les passades no era la ideal. A mitja part, el resultat era un pobre 11-18 que posava de manifest el poc encert dels dos equips.</p>\r \r <p>Una bona sortida despr&eacute;s del descans va permetre a les m&eacute;s joves del club obtenir una renda de 17 punts d&#39;avantatge (12-29) que ja es mantindria fins al final. Un ritme m&eacute;s alegre i un lleuger augment en l&#39;encert en el llan&ccedil;ament van afavorir a que no es pat&iacute;s per aconseguir la vict&ograve;ria final.</p>\r \r <p>Cal destacar el partit de l&#39;Elia, que tot i acabar lesionada al tormell va sumar 20 punts amb 3/3 des de la l&iacute;nia de 6,25.</p>\r \r <p>La setmana que ve, partit a casa contra Tiana, on s&#39;intentar&agrave; seguir amb la s&egrave;rie de vict&ograve;ries que porta l&#39;equip.&nbsp;</p>','resources/img/noticies/cumplesilvia.png','2015-02-17 23:08:11','1','0','CBCIC Sots21 Femení','ruben'),(15,'Prèvia de la jornada (22/02/2015)','Horaris dels partits del cap de setmana del 22/02/2015','<p>Els horaris d&#39;aquest proper cap de setmana del 22/02/2015&nbsp;s&oacute;n els seg&uuml;ents:</p>\n\n<ul>\n	<li>SR Lima Horta - S&egrave;nior A Mascul&iacute; (Dissabte 19.15h)</li>\n	<li>Nou Barris - S&egrave;nior B Mascul&iacute; (Dissabte 18.15h)&nbsp;</li>\n	<li>Palcam - Senior C Mascul&iacute; (Dissabte&nbsp;12.30h)</li>\n	<li>UE Claret B - J&uacute;nior Mascul&iacute;&nbsp;(Dissabte 19.30h)</li>\n	<li>S&egrave;nior A Femen&iacute; &nbsp;- Voramar (Dissabte 19.30h)</li>\n	<li>S&egrave;nior B Femen&iacute; - Parets B (Dissabte 17.45h)</li>\n	<li>Sots 21 <span style=\"line-height: 20.7999992370605px;\">Femen&iacute;</span>- Tiana&nbsp;(Dissabte&nbsp;16.00h)</li>\n</ul>\n\n<p>A aconseguir moltes victories!</p>','resources/img/noticies/logobasquetcatala.jpg','2015-02-21 11:02:52','0','0','Basquetcatalà Jornada','ruben'),(17,'CB CIC a la Copa del Rey','Alguns representants del club assisteixen a una copa del rey plena de sorpreses','<p>Durant aquests dies, alguns dels nostres companys del CB CIC estan gaudint de la copa del rey 2015.</p>\n\n<p>Ja va sent tradici&oacute; veure al Carlos, al Marc o al Alberto disfressats durant aquest event.&nbsp;Tot i aix&iacute;, aquest any hi ha hagut una agradable sorpresa... tot el pavell&oacute;&nbsp;es va posar a cantar&nbsp;el &quot;cumplea&ntilde;os feliz&quot; al nostre amic Alberto &quot;Kak&aacute;&quot; Esteban!</p>\n\n<p>Aquest moment el podem veure en un dels videos publicat a <a href=\"http://acbtv.acb.com/video/8139-lacb-20142015-copa_del_rey-cumpleanos_feliz_en_las_gradas_del_gran_canaria_arena\">www.acb.com</a>&nbsp;</p>\n\n<p>Felicitats kak&aacute;!</p>','resources/img/noticies/globetroters.png','2015-02-22 12:21:07','0','1','CBCIC Copa del Rey','ruben'),(18,'CB CIC 95 - Tiana 27 ','Les noies del sub 21 aconsegueixen la quarta victoria consecutiva (95-27)','<p>Les &ldquo;babies&rdquo; s&rsquo;enfrontaven aquest dissabte a les quartes per la cua, el CB Tiana. Es presentava un partit lleuger per les nostres jugadores per&ograve;, malgrat aix&ograve;, no es van relaxar: des de el primer minut van sortir a mossegar, corrent al contraatac i atentes en defensa; en el primer quart es van col&middot;locar 21-5.</p>\n\n<p>El ritme no va abaixar en cap moment del partit i al final de la primera meitat ja se situaven amb 41-11 en el marcador.</p>\n\n<p>Els deures pendents com eren els rebots i la falta d&rsquo;efectivitat de cara a cistella es van resoldre: l&rsquo;equip va agafar 22 rebots ofensius i 27 defensius; i, com es pot veure en el marcador, es van superar els noranta punts.</p>\n\n<p>A les acaballes del partit, les &ldquo;babies&rdquo; van posar en pr&agrave;ctica la zona com a nova t&agrave;ctica defensiva i la pressi&oacute; &lsquo;21&rsquo; que, al principi va sorprendre al rival, reacci&oacute; que el CIC va aprofitar per fer-se amb la pilota (22 recuperades en total)&nbsp; i gr&agrave;cies a aix&ograve; , va poder augmentar, encara m&eacute;s, l&rsquo;avantatge en el marcador.</p>\n\n<p>En resum, un molt bon partit de les petites de la casa, les quals rebran, la setmana que ve, a un altre equip de la part baixa de la classificaci&oacute;, el Bosco-Rocafort.</p>\n\n<p>Actualment, les noies del sub-21 es troben terceres amb 14 vict&ograve;ries i 4 derrotes (amb un partit menys que els dem&eacute;s equips). Esperem que la setmana que ve puguin aconseguir la cinquena vict&ograve;ria consecutiva.</p>\n\n<p><em>Elia Danon (Jugadora del Sots21 femen&iacute;)</em></p>','resources/img/noticies/cicTiana.png','2015-02-23 23:01:04','1','0','CBCIC Sots21','ruben'),(20,'Prèvia de la jornada (08/03/2015)','Horaris dels partits del cap de setmana del 08/03/2015','<p>Els horaris d&#39;aquest proper cap de setmana del 08/03/2015&nbsp;s&oacute;n els seg&uuml;ents:</p>\n\n<ul>\n	<li>AESC Ram&oacute;n Llull B -&nbsp;S&egrave;nior A Mascul&iacute;&nbsp;(Dissabte 16.00h)</li>\n	<li><span style=\"line-height: 20.7999992370605px;\">AESC Ram&oacute;n Llull Vermell -&nbsp;</span>S&egrave;nior B Mascul&iacute;&nbsp;(Diumenge 12.30h)&nbsp;</li>\n	<li>AXA Puig-Pedrol CBS - Senior C Mascul&iacute; (Diumenge 19.00)</li>\n	<li>Minguella C - J&uacute;nior Mascul&iacute; (Dissabte 18.00h)</li>\n	<li>S&egrave;nior A Femen&iacute; - Laiet&agrave; (Dissabte&nbsp;17.45h)</li>\n	<li>EPSA - S&egrave;nior B Femen&iacute; &nbsp;(Dissabte 18.00h)</li>\n	<li>IPSI -&nbsp;Sots 21 <span style=\"line-height: 20.7999992370605px;\">Femen&iacute; </span>(Dissabte&nbsp;19.15h)</li>\n</ul>\n\n<p>Sort a tots els equips!</p>','resources/img/noticies/logobasquetcatala.jpg','2015-03-07 13:30:45','0','0','Basquetcatalà Jornada','ruben'),(23,'IPSI 35 - CB CIC 78 ','El sots 21 femení aconsegueix la sisena victoria consecutiva (35-78)','<p>Es presentava un partit complicat ahir a la tarda per les m&eacute;s petites de la casa. El camp de l&rsquo;Ipsi mai ha sigut senzill per a cap dels equips que s&rsquo;hi ha presentat, per&ograve; les noies del sots-21 van aconseguir endur-se una vict&ograve;ria i aix&iacute;, sumen la setzena en el que porten de competici&oacute;.</p>\n\n<p>Al comen&ccedil;ar el partit, les &lsquo;babies&rsquo; van sortir a per totes i, pressionant, robant pilotes i corrent tots els contraatacs van&nbsp; aconseguir imposar-se al marcador amb un clar 2-24 en el primer quart. Per&ograve;, posteriorment, despr&eacute;s de badar en defensa durant tot el segon quart, i sense estar encertades en atac, les locals van remuntar divuit punts i es van col&middot;locar nom&eacute;s deu punts a sota a l&rsquo;acabar la primera meitat (parcial de 21-9).</p>\n\n<p>Finalment, despr&eacute;s de recarregar les piles durant la mitja part, les nostres van reprendre les regnes del partit i amb un &uacute;ltim quart fant&agrave;stic, van al&ccedil;ar-se amb la vict&ograve;ria <strong>(35-78)</strong>.</p>\n\n<p>Ara toca concentrar-se en el partit de diumenge que ve. Aquesta setmana potser &eacute;s la m&eacute;s important de tota la temporada ja que s&rsquo;enfronten a un rival directe de la classificaci&oacute;, el Sant Medir. A l&rsquo;anada, les nostres van perdre a fora, en un partit molt ajustat i ple de complicacions (60-55). Esperem que en aquest se&rsquo;n puguin ensortir. Us esperem a tots el diumenge a les 17:45h a la sauna!</p>\n\n<p><em>Elia Danon (Jugadora del Sots21 femen&iacute;)</em></p>','resources/img/general/logoCic.jpg','2015-03-08 19:26:28','1','0','CBCIC Sots21','ruben'),(25,'Prèvia de la jornada (15/03/2015)','Horaris dels partits del cap de setmana del 15/03/2015','<p>Els horaris d&#39;aquest proper cap de setmana del 15/03/2015&nbsp;s&oacute;n els seg&uuml;ents:</p>\n\n<ul>\n	<li>S&egrave;nior A Mascul&iacute; - Pedagogium (Dissabte 17.45h)</li>\n	<li>S&egrave;nior B Mascul&iacute; - Vedruna (Dissabte 19.30h)&nbsp;</li>\n	<li>Senior C Mascul&iacute; - AESC Ram&oacute;n Llull&nbsp;(Diumenge 16.00)</li>\n	<li>J&uacute;nior Mascul&iacute; - ABB Bufal&agrave; (Dissabte 16.00h)</li>\n	<li>B&agrave;squet&nbsp;CEISSA - S&egrave;nior A Femen&iacute;&nbsp;(Dissabte&nbsp;17.00h)</li>\n	<li>S&egrave;nior B Femen&iacute; &nbsp;- CB Manlleu&nbsp;(Diumenge 19.30h)</li>\n	<li>Sots 21 <span style=\"line-height: 20.7999992370605px;\">Femen&iacute; - Sant Medir&nbsp;</span>(Diumenge&nbsp;17.45h)</li>\n</ul>\n\n<p>Sort a tots els equips en aquesta setmana on gairebé tots juguem a casa!</p>','resources/img/noticies/logobasquetcatala.jpg','2015-03-14 11:35:31','0','0','Basquetcatalà Jornada','ruben'),(26,'CB CIC 62 - Manlleu 54 ','Últim partit de lliga del sènior B femení','<p>Diumenge tarda, 18:30h, el s&egrave;nior B femen&iacute; arriba puntual a l&rsquo;Infant. El sub21 femen&iacute; encara est&agrave; jugant un partit molt interessant contra el Proa Sant Medir. Pocs minuts despr&eacute;s les jugadores del s&egrave;nior es troben al vestuari per complir amb el ritual tradicional de cada partit, la xerrada inicial de l&rsquo;entrenador. El Nando comenta les &uacute;ltimes jugades i les estrat&egrave;gies del partit per&ograve;, sobretot, motiva a totes i cadascuna de les seves jugadores.&nbsp; &Eacute;s l&rsquo;&uacute;ltim partit de lliga i, no per aix&ograve;, el m&eacute;s o el menys important. Tots i cadascuns dels partits han sigut essencials i, a la vegada, importants a la seva manera. Una &uacute;ltima jornada per sortir amb un bon regust a la boca abans d&rsquo;encarar les fases. Per qu&egrave; s&iacute;, despr&eacute;s de molt i molt treball, el nostre s&egrave;nior B arriba a unes fases.</p>\n\n<p>Comen&ccedil;a l&rsquo;escalfament. Fa molt fred al pati de fora. Cont&iacute;nua dins del pavell&oacute; perqu&egrave; el partit de les sub21 ha acabat. Entrades, rodes, tirs, lliures, 3x3... el xiulet marca els tres &uacute;ltims minuts. Les jugadores, totes a la banqueta, reben les &uacute;ltimes instruccions del Nando. Un parell o tres de pares de les locals es troben a la grada, juntament amb set o vuit de l&rsquo;equip contrari. Un ambient tranquil per l&rsquo;&uacute;ltim partit de la temporada per&ograve; seguint la l&iacute;nia de l&rsquo;habitual.</p>\n\n<p>Surt el quintet inicial i comen&ccedil;a el partit. Primera cistella per l&rsquo;equip visitant en un contraatac. Segona cistella una altre vegada per les de Manlleu. El partit no ser&agrave; tant f&agrave;cil com esper&agrave;vem. Acollim a casa al CB.Manlleu, un equip que esta mitja taula avall amb uns resultats de 8 partits guanyats i 13 partits perduts fins el moment. A casa seva les noies del s&egrave;nior B van fer un bon treball, amb un resultat de 44-72 (+28), per&ograve; &eacute;s cert que &uacute;ltimament la seva defensa no es troba en el seu millor moment.</p>\n\n<p>Un primer quart ajustat amb un 15-13 a favor. Sembla que els hi costa agafar ritme del partit i costa desenganxar-se del rival. En el segon quart, les blaves han anotat 19 punts i les manlleuenques 12, i marxem a la mitja part amb un 34-25 a favor. Nou punts de difer&egrave;ncia, molt per sota del que van fer al camp del visitant. Les locals no acaben de trobar el seu joc per el moment, tot i que tenen el marcador a favor. Sabem que les segones meitats no s&oacute;n el seu fort, per&ograve; veiem si ens poden sorprendre.</p>\n\n<p>Comen&ccedil;a el tercer quart. Primera anotaci&oacute; de triple pel rival; les de casa han sortit adormides. Es comen&ccedil;a a notar el cansament i el desgast f&iacute;sic de les jugadores per part del dos equips. Finalitza el per&iacute;ode amb un 16-9. L&rsquo;equip aconsegueix reduir l&rsquo;anotaci&oacute; del rival, per&ograve; necessita aconseguir anotar una mica m&eacute;s, tot i que la l&iacute;nia no est&agrave; malament. &Uacute;ltim quart. Sabem que els tercers i quarts per&iacute;odes no s&oacute;n els millors per l&rsquo;equip. Els n&uacute;meros finals de l&rsquo;&uacute;ltim quart ho demostren amb un 12-20 en contra. El Manlleu ha tret les seves urpes al final i ha aprofitat la baixada d&rsquo;intensitat de les locals. Han guanyat l&rsquo;&uacute;ltim assalt per 8 punts de difer&egrave;ncia per&ograve;, tot i aix&iacute;, no hi ha sigut suficient per derrotar a les nostres noies.</p>\n\n<p>El S&egrave;nior B femen&iacute; guanya al CB. Manlleu 62-54. No ha estat un partit f&agrave;cil com s&rsquo;esperava i ara l&rsquo;equip ha de treballar molt la seva defensa. Un partit on agra&iuml;m la pres&egrave;ncia de totes les jugadores i l&rsquo;aportaci&oacute; que han fet totes i cadascuna d&rsquo;elles. Felicitar el bon treball de les dues m&agrave;ximes anotadores: Marta M&iacute;nguez +15 i Andrea Colinas +11.</p>\n\n<p>Ara cal felicitar en general a tot l&rsquo;equip i al seu entrenador, el Nando, per la bona temporada que han realitzat i on han arribat. En tercera posici&oacute; a la lliga, el s&egrave;nior femen&iacute; aconsegueix classificar-se en una bona segona fase. Esperem que treballin molt aquesta defensa que trontolla una mica per ser indestructibles. Felicitats noies, 1,2,3 CIC!!!</p>\n\n<p><em>Erika Vilanova (Jugadora del Sènior B femen&iacute;)</em></p>','resources/img/general/logoCic.jpg','2015-03-23 22:03:38','1','0','CBCIC SèniorB Fem','ruben'),(27,'AECAM 58 - CB CIC 67','Vuitena victòria consecutiva del sots21 femení','<p>El sots-21 femen&iacute; aconsegueix la vuitena vict&ograve;ria consecutiva despr&eacute;s de v&egrave;ncer a l&rsquo;AECAM en el seu camp per 58-67. Despr&eacute;s d&rsquo;un partit gens f&agrave;cil per les nostres &ndash; enfrontaments als quals potser no estan gaire acostumades &ndash; han aconseguit assegurar, amb aquest triomf, la tercera posici&oacute;,&nbsp; que les apropa m&eacute;s de les fases.</p>\n\n<p>La primera part va estar for&ccedil;a igualada, ambd&oacute;s equips van estar a l&rsquo;altura del partit. Pel que fa a les de casa nostra, van faltar en alguns moments idees en atac i van estar poc actives en el rebot defensiu, fet que va facilitar a l&rsquo;AECAM algunes cistelles f&agrave;cils.</p>\n\n<p>Un bon tercer quart va permetre a les petites de la casa augmentar la difer&egrave;ncia en el marcador i va finalitzar amb un avantatge de 14 punts; per&ograve; l&rsquo;&uacute;ltim quart va ser un p&egrave;l fluix i les locals van aconseguir retallar dist&agrave;ncies. Per sort, el sots-21 va poder aguantar el resultat.</p>\n\n<p>Amb aquesta vict&ograve;ria, les nostres ja estan preparades per rebre al Club B&agrave;squet Sant Antoni &ndash; Poble Sec. El partit d&rsquo;anada no es va jugar degut al mal estat de la seva pista. En principi, tot apunta a que ser&agrave; un enfrontament sense complicacions, esperem que les nostres jugadores obtinguin el nov&egrave; triomf consecutiu!</p>\n\n<p><em>Elia Danon (Jugadora del sots 21 femen&iacute;)</em></p>','resources/img/noticies/aecam.png','2015-03-23 22:19:53','1','0','CBCIC Sots21','ruben'),(28,'Prèvia de la jornada (29/03/2015)','Partit clau pel sènior femení ','<p><p>Aquest dissabte a les 17.45 a la Sauna, el s&egrave;nior femen&iacute; es juga gran part de les seves opcions per guanyar l&#39;ascens de categoria vers el Matadepera, &uacute;nic equip invicte en el seu grup.</p>\n\n<p>Des del club,&nbsp;fem una crida tant jugadors com aficionats per tal d&#39;assistir a aquest partit i ajudar al nostre s&egrave;nior femen&iacute; des de la graderia.</p>\n\n<p>La resta de partits del cap de setmana s&oacute;n:</p>\n\n<ul>\n	<li>S&egrave;nior A Mascul&iacute; (Descansa)</li>\n	<li>ASME - S&egrave;nior B Mascul&iacute;&nbsp;(Diumenge 12.00h)&nbsp;</li>\n	<li>B&agrave;squet Sant Boi - S&egrave;nior C Mascul&iacute; &nbsp;(Dissabte 19.30h)</li>\n	<li>Frederic Mistral - J&uacute;nior Mascul&iacute; (Dissabte 12.00h)</li>\n	<li>S&egrave;nior A Femen&iacute; - Matadepera (Dissabte&nbsp;17.45h)</li>\n	<li>Castellbisbal B - S&egrave;nior B Femen&iacute;&nbsp;(Dissabte 11.00h)</li>\n	<li>Sant Antoni Poble Sec - Sots 21 <span style=\"line-height: 20.7999992370605px;\">Femen&iacute; (</span>Dissabte 16.00h)</li>\n</ul>\n\n<p>Molta sort per tots, en especial per les noies del s&egrave;nior femen&iacute;!</p>\n','resources/img/noticies/logobasquetcatala.jpg','2015-03-27 20:31:23','0','1','Basquetcatalà Jornada','ruben'),(30,'Sopar XXè aniversari!','El proper 20 de juny se celebrarà el sopar per commemorar el XXè aniversari del club ','<p>Com tots sabeu aquest 2015 &eacute;s un any molt important pel nostre club, ja que celebrem 20 anys d&rsquo;exist&egrave;ncia. Per aix&ograve; ens plau informar-vos i convidar-vos al sopar que farem el dia 20 de juny del 2015 per commemorar aquest aniversari. Volem que sigui un dia molt especial i que estiguem tots els que ens estimem aquest club: jugadors/es, entrenadors/es, delegats, directius/ves, pares, mares, germans/es, parelles, aix&iacute; com tot el m&oacute;n que hagi envoltat aquest club durant aquests 20 anys.</p>\n\n<p>La celebraci&oacute; tindr&agrave; lloc en el <strong><u>Restaurant ELS PORXOS</u></strong>:</p>\n\n<ul>\n	<li><strong>Direcci&oacute;:</strong> C/ Mallorca, 410, 08013 Barcelona (just davant de la Sagrada Fam&iacute;lia)</li>\n	<li><strong>Preu: </strong>27&euro; per persona. Us adjunto el Men&uacute; (caldr&agrave; confirmar quin segon plat s&rsquo;escull)</li>\n	<li><strong>Hora: </strong>21.30h</li>\n</ul>\n\n<p>Instruccions per fer la reserva i el pagament:</p>\n\n<ul>\n	<li>Realitzar el <strong><u>ingr&eacute;s</u></strong> en el seg&uuml;ent n&ordm; de compte: <strong>ES98 0081 1685 1900 0106 0414.</strong></li>\n	<li>La <strong><u>data l&iacute;mit</u></strong> per fer-lo &eacute;s el dimecres dia 10 juny. Tamb&eacute; teniu l&rsquo;opci&oacute; de donar-ho en efectiu el divendres dia 5 de juny al pavell&oacute; de l&rsquo;Infant de 20h a 21h.</li>\n	<li>En l&rsquo;<strong><u>assumpte</u></strong> caldr&agrave; indicar el nom i cognoms per identificar-vos i el n&uacute;mero de persones que assistireu.</li>\n	<li>Per &uacute;ltim haureu d&#39;enviar un correu a <strong>ferran510@hotmail.com</strong>, adjuntant el comprovant del ingr&eacute;s indicant el nom de tots els que assistireu m&eacute;s l&rsquo;elecci&oacute; del segon plat que feu.</li>\n</ul>\n\n<p>No cal dir que ser&agrave; una nit inoblidable pel C.B.CIC i volem que tots els que feu possible el dia a dia i tots els que heu fet possible el creixement del club hi esteu presents! A part del sopar, aquell mateix dia s&rsquo;organitzaran alguns partits al pavell&oacute; de 16h a 20h. D&rsquo;aqu&iacute; uns dies el Paco us informar&agrave; degudament d&rsquo;aquest tema.</p>\n\n<p>Us esperem a tots!</p>\n\n<p>&nbsp;</p>\n\n<p><em><strong>Men&uacute;</strong></em></p>\n\n<p><em>Primers:</em></p>\n\n<ul>\n	<li>Ensalada con Crujiente de Jabugo y Queso de Cabra &nbsp;</li>\n	<li><span style=\"line-height: 1.6;\">Concha Rellena de Brandada de Bacalao &nbsp;</span></li>\n	<li><span style=\"line-height: 1.6;\">Croquetas de Marisco &nbsp;</span></li>\n	<li><span style=\"line-height: 1.6;\">Pitufo de Solomillo Ib&eacute;rico &nbsp;</span></li>\n	<li><span style=\"line-height: 1.6;\">Salm&oacute;n Marinado con sus Tostaditas &nbsp;</span></li>\n</ul>\n\n<p><em>Segon a elegir entre:</em></p>\n\n<ul>\n	<li>Arroz Negro</li>\n	<li>Entrecote a la Brasa &nbsp;(pimienta, caf&eacute; de par&iacute;s o roquefort)</li>\n	<li>Merluza a la Marinera con Almejas y Mejillones &nbsp;</li>\n</ul>\n\n<p><em>Postres</em></p>\n\n<ul>\n	<li>Sorbete de Mojito &nbsp;o &nbsp;Brownie de Chocolate Templado &nbsp;</li>\n</ul>\n\n<p><em>Beguda</em></p>\n\n<ul>\n	<li><span style=\"line-height: 1.6;\">Blanco: Pere Pujades Pened&eacute;s Pened&eacute;s &nbsp;</span></li>\n	<li><span style=\"line-height: 1.6;\">Tinto: Vega Laurel Bret&oacute;n Rioja &nbsp;</span></li>\n	<li><span style=\"line-height: 1.6;\">Copa de Cava Brut Nature &nbsp;</span></li>\n	<li><span style=\"line-height: 1.6;\">Aguas Minerales &nbsp;</span></li>\n</ul>\n\n<p><em><span style=\"line-height: 1.6;\">Caf&egrave;</span></em></p>\n\n<p>&nbsp;</p>','resources/img/general/logoCic.jpg','2015-06-01 16:57:35','0','1','Sopar XXè Aniversari','ruben');
/*!40000 ALTER TABLE `noticies` ENABLE KEYS */;
UNLOCK TABLES;

--
-- Table structure for table `staff`
--

DROP TABLE IF EXISTS `staff`;
/*!40101 SET @saved_cs_client     = @@character_set_client */;
/*!40101 SET character_set_client = utf8 */;
CREATE TABLE `staff` (
  `idstaff` int(11) NOT NULL AUTO_INCREMENT,
  `nom` varchar(45) DEFAULT NULL,
  `cognom1` varchar(45) DEFAULT NULL,
  `cognom2` varchar(45) DEFAULT NULL,
  `dni` varchar(45) DEFAULT NULL,
  `carrec` varchar(45) DEFAULT NULL,
  `telefon` varchar(45) DEFAULT NULL,
  `idequip` int(11) DEFAULT NULL,
  `fotourl` varchar(45) DEFAULT NULL,
  `dataNaixement` varchar(45) DEFAULT NULL,
  `anysClub` int(11) DEFAULT '1',
  `email` varchar(45) DEFAULT NULL,
  PRIMARY KEY (`idstaff`)
) ENGINE=InnoDB AUTO_INCREMENT=16 DEFAULT CHARSET=utf8 COMMENT='Taula amb totes les persones del CBCIC que no són jugadors';
/*!40101 SET character_set_client = @saved_cs_client */;

--
-- Dumping data for table `staff`
--

LOCK TABLES `staff` WRITE;
/*!40000 ALTER TABLE `staff` DISABLE KEYS */;
INSERT INTO `staff` VALUES (1,'Paco','López','Cela','46365415Z','Entrenador','699690738',1,'resources/img/general/player_default.png','26/02/1987',10,'pacolopez8@hotmail.com'),(2,'Rubèn','Arana','Morera','47879246P','Entrenador','699611786',7,'resources/img/general/player_default.png','02/02/1987',12,'ruarmo@hotmail.com'),(3,'Joaquim','Bia','López','47968942G','Delegat d\'equip','655158211',1,'resources/img/general/player_default.png','04/06/2001',2,'quimetbialopez@gmail.com'),(4,'Josep Maria','Cols','Argullós','46306429T','Delegat d\'equip','620992393',1,'resources/img/general/player_default.png','06/10/1948',10,'josepmijulia@ono.com'),(5,'Antonio','Aragón','Martín','36920127K','Entrenador','678696106',2,'resources/img/general/player_default.png','03/01/1955',1,'aaragon@csm.com'),(6,'Sergio','López','Salmerón','43691496Y','Entrenador','620375985',3,'resources/img/general/player_default.png','05/07/1971',1,'sergiolopez1971@gmail.com'),(7,'Álvaro','Nieto','Cerdán','47949495S','Entrenador ajudant','617701423',4,'resources/img/general/player_default.png','23/08/1997',8,'nieto_13_23@hotmail.com'),(8,'Andreu','Badia','Campanera','36532833R','Delegat d\'equip','693210957',4,'resources/img/general/player_default.png','26/07/1987',7,'andreubaca@gmail.com'),(9,'Martí','Sanclimens','Balsells','46344277J','Delegat de camp','666637394',4,'resources/img/general/player_default.png','24/07/1965',5,'cirexiela@hotmail.com'),(10,'Sergi','Salord','Lizondo','46364048H','Entrenador','638052742',4,'resources/img/general/player_default.png','16/01/1989',9,'sslkg11@msn.com'),(11,'Lluís','Amo','Cabanell','47656531W','Entrenador','609265828',5,'resources/img/general/player_default.png','14/05/1981',5,'espofis@gmail.com'),(12,'Fernando','Vázquez','Sola','53078228R','Entrenador','608687241',6,'resources/img/general/player_default.png','19/09/1987',12,'nand1269@msn.com'),(13,'Bautista','Mínguez','Pérez','18418979G','Delegat de camp','620790143',6,'resources/img/general/player_default.png','12/09/1962',6,'romabobinados@gmail.com'),(14,'Begoña','Hervàs','Fernández','47945905J','Entrenador ajudant','667593858',7,'resources/img/general/player_default.png','29/07/1994',1,'hervas.bego@hotmail.com'),(15,'Xavier','Mariné','Llauradó','3697104','Delegat de camp','670757067',7,'resources/img/general/player_default.png','14/08/1962',1,'xmarinell@gmail.com');
/*!40000 ALTER TABLE `staff` ENABLE KEYS */;
UNLOCK TABLES;

--
-- Table structure for table `users`
--

DROP TABLE IF EXISTS `users`;
/*!40101 SET @saved_cs_client     = @@character_set_client */;
/*!40101 SET character_set_client = utf8 */;
CREATE TABLE `users` (
  `user` varchar(45) NOT NULL,
  `password` varchar(45) NOT NULL,
  `isAdmin` binary(1) NOT NULL DEFAULT '1',
  `isSuperAdmin` binary(1) NOT NULL DEFAULT '0',
  `email` varchar(45) DEFAULT NULL,
  PRIMARY KEY (`user`,`password`)
) ENGINE=InnoDB DEFAULT CHARSET=utf8;
/*!40101 SET character_set_client = @saved_cs_client */;

--
-- Dumping data for table `users`
--

LOCK TABLES `users` WRITE;
/*!40000 ALTER TABLE `users` DISABLE KEYS */;
INSERT INTO `users` VALUES ('','','1','0',NULL),('admin','admin','1','0','clubbasquetcic@gmail.com'),('ruben','Ruarmo87','1','1','ruarmo@hotmail.com');
/*!40000 ALTER TABLE `users` ENABLE KEYS */;
UNLOCK TABLES;
/*!40103 SET TIME_ZONE=@OLD_TIME_ZONE */;

/*!40101 SET SQL_MODE=@OLD_SQL_MODE */;
/*!40014 SET FOREIGN_KEY_CHECKS=@OLD_FOREIGN_KEY_CHECKS */;
/*!40014 SET UNIQUE_CHECKS=@OLD_UNIQUE_CHECKS */;
/*!40101 SET CHARACTER_SET_CLIENT=@OLD_CHARACTER_SET_CLIENT */;
/*!40101 SET CHARACTER_SET_RESULTS=@OLD_CHARACTER_SET_RESULTS */;
/*!40101 SET COLLATION_CONNECTION=@OLD_COLLATION_CONNECTION */;
/*!40111 SET SQL_NOTES=@OLD_SQL_NOTES */;

-- Dump completed on 2015-08-21 23:26:49
